Timestamp,User Count,Type,Name,Requests/s,Failures/s,50%,66%,75%,80%,90%,95%,98%,99%,99.9%,99.99%,100%,Total Request Count,Total Failure Count,Total Median Response Time,Total Average Response Time,Total Min Response Time,Total Max Response Time,Total Average Content Size
1791059777,0,,Aggregated,0.000000,0.000000,N/A,N/A,N/A,N/A,N/A,N/A,N/A,N/A,N/A,N/A,N/A,0,0,0,0.0,0,0,0
1791059778,10,,Aggregated,0.000000,0.000000,N/A,N/A,N/A,N/A,N/A,N/A,N/A,N/A,N/A,N/A,N/A,0,0,0,0.0,0,0,0
1791059779,30,,Aggregated,0.000000,0.000000,710,720,720,720,730,730,730,730,730,730,730,11,11,710,657.1997272721175,93.6368000038783,727.1505999960937,42.0
1791059780,40,,Aggregated,0.000000,0.000000,730,750,750,2600,2600,2600,2800,2800,2800,2800,2800,43,43,730,1018.6188162785351,7.0543000038014725,2783.631799997238,38.74418604651163
1791059781,50,,Aggregated,0.000000,0.000000,120,650,710,730,750,2600,2600,2600,2800,2800,2800,104,104,94,498.24635576882986,3.1949999975040555,2783.631799997238,40.65384615384615
1791059782,50,,Aggregated,3.666667,3.666667,13,32,94,520,730,750,2600,2600,2800,2800,2800,212,212,13,251.72893443355724,3.1949999975040555,2783.631799997238,41.339622641509436
1791059783,50,,Aggregated,11.500000,11.500000,11,16,26,66,670,750,2600,2600,2800,2800,2800,312,312,11,174.50530160236573,3.1949999975040555,2783.631799997238,41.55128205128205
1791059784,50,,Aggregated,23.800000,23.800000,10,14,17,26,600,730,2600,2600,2800,2800,2800,409,409,10,135.25584327610758,3.0840000035823323,2783.631799997238,41.65770171149144
1791059785,50,,Aggregated,36.500000,36.500000,10,15,19,24,130,710,750,2600,2800,2800,2800,502,502,10,112.92449501980805,2.861799999664072,2783.631799997238,41.721115537848604
1791059786,50,,Aggregated,46.000000,46.000000,10,14,18,22,69,700,750,2600,2800,2800,2800,598,598,10,96.76964013371227,2.861799999664072,2783.631799997238,41.76588628762542
1791059787,50,,Aggregated,51.750000,51.750000,10,14,17,21,40,650,750,2600,2800,2800,2800,695,695,10,85.11656431660053,2.861799999664072,2783.631799997238,41.798561151079134
1791059788,50,,Aggregated,55.777778,55.777778,10,13,17,19,35,620,750,2600,2800,2800,2800,791,791,10,76.09691340084605,2.861799999664072,2783.631799997238,41.823008849557525
1791059790,50,,Aggregated,69.500000,69.500000,10,13,16,18,32,390,740,2600,2800,2800,2800,892,892,10,68.74860078487106,2.861799999664072,2783.631799997238,41.84304932735426
1791059791,50,,Aggregated,69.500000,69.500000,10,13,16,18,30,130,740,2600,2800,2800,2800,983,983,10,63.60541312324362,2.861799999664072,2783.631799997238,41.857578840284845
1791059792,50,,Aggregated,88.000000,88.000000,10,13,16,18,28,93,730,750,2600,2800,2800,1073,1073,10,59.14531314084078,2.861799999664072,2783.631799997238,41.869524697110904
1791059793,50,,Aggregated,93.700000,93.700000,10,13,16,18,27,69,720,750,2600,2800,2800,1173,1173,10,55.21904526861619,2.861799999664072,2783.631799997238,41.88064791133845
1791059794,50,,Aggregated,95.300000,95.300000,10,14,16,18,28,66,710,750,2600,2800,2800,1263,1263,10,52.439176326275216,2.861799999664072,2783.631799997238,41.88915281076801
1791059795,50,,Aggregated,95.300000,95.300000,10,13,16,18,27,51,710,750,2600,2800,2800,1326,1326,10,50.47632707399228,2.861799999664072,2783.631799997238,41.89441930618401
1791059796,50,,Aggregated,95.300000,95.300000,10,13,16,18,27,51,710,750,2600,2800,2800,1326,1326,10,50.47632707399228,2.861799999664072,2783.631799997238,41.89441930618401
1791059797,50,,Aggregated,91.200000,91.200000,10,14,17,20,35,730,2000,2100,2600,2800,2800,1387,1387,10,110.02333028126458,2.861799999664072,2783.631799997238,41.899062725306415
1791059798,50,,Aggregated,82.400000,82.400000,11,14,17,19,33,710,2000,2100,2600,2800,2800,1473,1473,11,104.36126965387382,2.861799999664072,2783.631799997238,41.904955872369314
1791059799,50,,Aggregated,78.300000,78.300000,11,14,17,20,32,700,2000,2100,2600,2800,2800,1574,1574,11,98.77170972055623,2.861799999664072,2783.631799997238,41.91105463786531
1791059800,50,,Aggregated,77.400000,77.400000,11,14,17,19,32,660,2000,2100,2600,2800,2800,1669,1669,11,93.86849856209659,2.861799999664072,2783.631799997238,41.916117435590174
1791059801,50,,Aggregated,77.300000,77.300000,11,14,17,19,31,620,2000,2100,2600,2800,2800,1766,1766,11,89.55047095136796,2.861799999664072,2783.631799997238,41.92072480181201
1791059802,50,,Aggregated,76.700000,76.700000,11,14,17,19,30,430,1900,2100,2600,2800,2800,1866,1866,11,85.41435460886514,2.861799999664072,2783.631799997238,41.92497320471597
1791059803,50,,Aggregated,77.000000,77.000000,11,14,17,19,30,150,1800,2100,2600,2800,2800,1965,1965,11,81.74261679396248,2.861799999664072,2783.631799997238,41.92875318066158
1791059804,50,,Aggregated,78.700000,78.700000,11,15,18,19,30,110,1800,2100,2600,2800,2800,2049,2049,11,79.29171259158852,2.861799999664072,2783.631799997238,41.93167398731088
1791059805,50,,Aggregated,78.300000,78.300000,11,15,18,20,31,92,1700,2100,2600,2800,2800,2149,2149,11,76.48610744541553,2.861799999664072,2783.631799997238,41.93485342019544
1791059806,50,,Aggregated,78.200000,78.200000,11,15,18,20,30,76,1600,2100,2600,2800,2800,2245,2245,11,73.74960534528475,2.861799999664072,2783.631799997238,41.937639198218264
1791059807,50,,Aggregated,81.300000,81.300000,11,15,18,20,29,66,1500,2100,2600,2800,2800,2342,2342,11,71.20417156283516,2.861799999664072,2783.631799997238,41.9402220324509
1791059808,50,,Aggregated,90.700000,90.700000,11,15,18,20,29,58,1400,2100,2600,2800,2800,2436,2436,11,68.95186387527961,2.861799999664072,2783.631799997238,41.94252873563219
1791059809,50,,Aggregated,94.600000,94.600000,11,15,17,19,29,51,1100,2100,2600,2800,2800,2530,2530,11,66.79959083012795,2.861799999664072,2783.631799997238,41.944664031620555
1791059810,50,,Aggregated,95.600000,95.600000,11,15,17,20,28,49,1100,2100,2600,2800,2800,2618,2618,11,65.00639904514463,2.861799999664072,2783.631799997238,41.94652406417112
1791059811,50,,Aggregated,95.100000,95.100000,11,15,18,20,29,56,960,2000,2600,2800,2800,2719,2719,11,63.48629459367221,2.861799999664072,2783.631799997238,41.94851048179478
1791059812,50,,Aggregated,95.400000,95.400000,11,15,18,20,29,49,830,2000,2600,2800,2800,2813,2813,11,61.825224386818014,2.861799999664072,2783.631799997238,41.950231070032
1791059813,50,,Aggregated,95.300000,95.300000,11,15,18,20,30,50,790,2000,2600,2800,2800,2907,2907,11,60.48329284490167,2.861799999664072,2783.631799997238,41.95184038527692
1791059814,50,,Aggregated,94.300000,94.300000,11,15,18,20,30,47,750,2000,2600,2800,2800,3004,3004,11,58.97572566582179,2.861799999664072,2783.631799997238,41.953395472703065
1791059815,50,,Aggregated,94.000000,94.000000,11,15,18,20,30,47,750,2000,2600,2800,2800,3101,3101,11,57.62429851665274,2.861799999664072,2783.631799997238,41.9548532731377
1791059816,50,,Aggregated,94.800000,94.800000,11,15,18,20,29,47,750,2000,2600,2800,2800,3195,3195,11,56.359535649501545,2.861799999664072,2783.631799997238,41.95618153364632
1791059817,50,,Aggregated,94.600000,94.600000,11,15,18,21,31,53,750,2000,2600,2800,2800,3294,3294,11,55.58545834854734,2.861799999664072,2783.631799997238,41.957498482088646
1791059818,50,,Aggregated,95.200000,95.200000,11,15,18,21,31,51,740,2000,2600,2800,2800,3388,3388,11,54.38811304607188,2.861799999664072,2783.631799997238,41.95867768595041
1791059819,50,,Aggregated,94.000000,94.000000,11,15,18,21,31,50,730,2000,2600,2800,2800,3480,3480,11,53.39707606325092,2.861799999664072,2783.631799997238,41.95977011494253
1791059820,50,,Aggregated,94.700000,94.700000,11,15,18,21,31,49,720,2000,2600,2800,2800,3572,3572,11,52.442664753662505,2.861799999664072,2783.631799997238,41.96080627099664
1791059821,50,,Aggregated,95.000000,95.000000,12,16,19,21,31,52,710,2000,2600,2800,2800,3673,3673,12,52.01316738361797,2.861799999664072,2783.631799997238,41.96188401851348
1791059822,50,,Aggregated,94.700000,94.700000,12,16,19,21,31,51,710,1900,2600,2800,2800,3766,3766,12,51.05869978758246,2.861799999664072,2783.631799997238,41.962825278810406
1791059823,50,,Aggregated,94.500000,94.500000,12,16,19,21,31,53,700,1800,2600,2800,2800,3853,3853,12,50.46295045419632,2.861799999664072,2783.631799997238,41.96366467687516
1791059824,50,,Aggregated,94.400000,94.400000,12,16,18,21,31,51,700,1800,2600,2800,2800,3952,3952,12,49.51473137651575,2.861799999664072,2783.631799997238,41.96457489878542
1791059825,50,,Aggregated,94.200000,94.200000,12,16,19,21,31,50,670,1800,2600,2800,2800,4038,4038,12,48.776243536399036,2.861799999664072,2783.631799997238,41.96532937097573
1791059826,50,,Aggregated,94.000000,94.000000,12,16,19,21,30,49,660,1800,2600,2800,2800,4133,4133,12,47.972775707708706,2.861799999664072,2783.631799997238,41.96612630050811
1791059827,50,,Aggregated,93.300000,93.300000,12,16,18,21,30,48,650,1700,2600,2800,2800,4229,4229,12,47.180731851503104,2.861799999664072,2783.631799997238,41.96689524710333
1791059828,50,,Aggregated,93.300000,93.300000,12,16,19,21,30,49,630,1700,2600,2800,2800,4321,4321,12,46.70654223560033,2.861799999664072,2783.631799997238,41.96760009257116
1791059829,50,,Aggregated,93.700000,93.700000,12,16,19,21,30,48,620,1600,2600,2800,2800,4426,4426,12,45.960915115238265,2.861799999664072,2783.631799997238,41.96836873023046
1791059830,50,,Aggregated,92.600000,92.600000,12,16,19,21,30,47,600,1500,2600,2800,2800,4522,4522,12,45.24928436533144,2.861799999664072,2783.631799997238,41.969040247678016
1791059831,50,,Aggregated,93.600000,93.600000,12,16,19,21,30,46,520,1500,2600,2800,2800,4612,4612,12,44.67367200780672,2.861799999664072,2783.631799997238,41.96964440589766
1791059832,50,,Aggregated,93.600000,93.600000,12,16,19,21,30,45,390,1400,2600,2800,2800,4708,4708,12,44.106535981303416,2.861799999664072,2783.631799997238,41.97026338147833
1791059833,50,,Aggregated,94.100000,94.100000,12,16,19,21,30,45,200,1400,2600,2800,2800,4807,4807,12,43.50702146868362,2.861799999664072,2783.631799997238,41.970875806116084
